Stock Keeping Unit,Designation,Assign a category,Assign to a shipment,Size,Total Quantity,Defective quantity,Remaining Qty,Sold Qty.,Purchase Price,Sale Price,Fictitious Sale Pice,Promo Pricing,Item Type,Item Status,Barcode
68686868,Testing Product Demo,Walk-in,Walk-in,0,10000,0,9993,7,20,88,0,0,Physical item,On sale,6868686868
23434212,Testing 123,Walk-in,Walk-in,,10000,0,10000,0,20,60,0,0,Physical item,On sale,1234567890123
785434,1235666,Walk-in,Walk-in,,10000,0,10000,0,20,10,0,0,Physical item,On sale,2343564645
8465312,Time Package,Walk-in,Walk-in,,10000,0,9999,1,20,10,0,0,Physical item,On sale,99856132
gggggg,Test Product,Walk-in,Walk-in,,10000,0,9999,1,20,10,0,0,Physical item,On sale,6954984651
232323,Product 2,Walk-in,Walk-in,,10000,0,10000,0,20,20,0,0,Physical item,On sale,87841125848
9874,Item 1,Walk-in,Walk-in,,152,0,152,0,20,350,0,0,Physical item,On sale,953692
BODYSUIT01,Velvet V-Neck Body Suit,Walk-in,Walk-in,38,80550,0,80550,0,20,100,0,0,Physical item,On sale,1
BOOTIES01,Qupid Lucite Heel Dress Booties,Walk-in,Walk-in,38,80550,0,80550,0,20,120,0,0,Physical item,On sale,2
BODYSUIT02,Twisted High-Low Top,Walk-in,Walk-in,38,6000,0,5997,3,20,200,0,0,Physical item,On sale,3
BODYSUIT03,Notched Floral Off-The Shoulder,Walk-in,Walk-in,38,6000,0,5997,3,20,50,0,0,Physical item,On sale,4
BODYSUIT04,Sequin Cropped Bomber Jacket,Walk-in,Walk-in,38,6000,0,5999,1,20,80,0,0,Physical item,On sale,5
LEGGINGS01,Sequin Cropped Bomber Jacket,Walk-in,Walk-in,38,6000,0,6000,0,20,60,0,0,Physical item,On sale,6
LEGGINGS02,Varsity Stripe Jogger Pants,Walk-in,Walk-in,38,6000,0,6000,0,20,120,0,0,Physical item,On sale,7
BODYSUIT05,Ribbed Lace Up BodySuit,Walk-in,Walk-in,38,6000,0,6000,0,20,150,0,0,Physical item,On sale,0
LEGGINGS03,Marled French Terry Jogger Pants,Walk-in,Walk-in,38,6000,0,5999,1,20,220,0,0,Physical item,On sale,9
DRESS03,Floating Mock Neck Strapless Dress,Walk-in,Walk-in,38,6000,0,5995,5,20,300,0,0,Physical item,On sale,10
DRESS02,Shimmer Open Back Bodycon Dress,Walk-in,Walk-in,38,6000,0,5998,2,20,15,0,0,Physical item,On sale,11
SWEATSHIRT01,Chrochet Trim Cold Should Sweatshirt,Walk-in,Walk-in,38,6000,0,6000,0,20,65,0,0,Physical item,On sale,12
BODYSUIT07,Mirrored Sequin V-Neck Romper,Walk-in,Walk-in,38,6000,0,6000,0,20,125,0,0,Physical item,On sale,13
BODYSUIT08,Velvet Mock Nect Cut-Out Jumpshit,Walk-in,Walk-in,38,6000,0,6000,0,20,68,0,0,Physical item,On sale,14
ACCESSOIRE1,Lace & Leather Choker Necklaces Faux - 3 Pack,Walk-in,Walk-in,38,6000,0,5998,2,20,66,0,0,Physical item,On sale,15
SWEATSHIRT02,Hacci Cold Shoulder Raglan Tee,Walk-in,Walk-in,38,6000,0,6000,0,20,100,0,0,Physical item,On sale,16
BODYSUIT09,Marled Caged Strappy bodysuit,Walk-in,Walk-in,38,6000,0,6000,0,20,320,0,0,Physical item,On sale,17
CROPTOP01,Embroidered Mesh Mock Neck Crop Top,Walk-in,Walk-in,38,6000,0,6000,0,20,100,0,0,Physical item,On sale,18
SHOES01,Qupid Metal Trim Platform Pumps,Walk-in,Walk-in,38,6000,0,6000,0,20,40,0,0,Physical item,On sale,19
CROPTOP02,Floating Floral Mock Neck Top,Walk-in,Walk-in,38,6000,0,6000,0,20,20,0,0,Physical item,On sale,20
